"Region","School District","Year","Gender","Total"
5,"Southeast Kootenay",1997,"T",40656
6,"Rocky Mountain",1997,"T",24963
8,"Kootenay Lake",1997,"T",41417
10,"Arrow Lakes",1997,"T",5243
19,"Revelstoke",1997,"T",8830
20,"Kootenay-Columbia",1997,"T",34402
22,"Vernon",1997,"T",58200
23,"Central Okanagan",1997,"T",145439
27,"Cariboo - Chilcotin",1997,"T",44406
28,"Quesnel",1997,"T",26601
33,"Chilliwack",1997,"T",69616
34,"Abbotsford",1997,"T",114242
35,"Langley",1997,"T",111998
36,"Surrey",1997,"T",348245
37,"Delta",1997,"T",101467
38,"Richmond",1997,"T",160425
39,"Vancouver",1997,"T",554340
40,"New Westminster",1997,"T",52852
41,"Burnaby",1997,"T",190535
42,"Maple Ridge-Pitt Meadows",1997,"T",75069
43,"Coquitlam",1997,"T",184402
44,"North Vancouver",1997,"T",129501
45,"West Vancouver",1997,"T",50091
46,"Sunshine Coast",1997,"T",26101
47,"Powell River",1997,"T",20533
48,"Sea to Sky",1997,"T",28544
49,"Central Coast",1997,"T",4218
50,"Haida Qwaii/Queen Charlotte",1997,"T",5461
51,"Boundary",1997,"T",12852
52,"Prince Rupert",1997,"T",19867
53,"Okanagan Similkameen",1997,"T",22807
54,"Bulkley Valley",1997,"T",17015
57,"Prince George",1997,"T",103366
58,"Nicola - Similkameen",1997,"T",16707
59,"Peace River South",1997,"T",28891
60,"Peace River North",1997,"T",29670
61,"Greater Victoria",1997,"T",208942
62,"Sooke",1997,"T",53218
63,"Saanich",1997,"T",58815
64,"Gulf Islands",1997,"T",13782
67,"Okanagan Skaha",1997,"T",51372
68,"Nanaimo-Ladysmith",1997,"T",101751
69,"Qualicum",1997,"T",37713
70,"Alberni",1997,"T",32594
71,"Comox Valley",1997,"T",57504
72,"Campbell River",1997,"T",40866
73,"Kamloops/Thompson",1997,"T",104767
74,"Gold Trail",1997,"T",12862
75,"Mission",1997,"T",36548
78,"Fraser - Cascade",1997,"T",16101
79,"Cowichan Valley",1997,"T",63832
81,"Fort Nelson",1997,"T",6332
82,"Coast Mountains",1997,"T",43062
83,"Okanagan - Shuswap",1997,"T",50430
84,"Vancouver Island West",1997,"T",3660
85,"Vancouver Island North",1997,"T",14979
87,"Stikine",1997,"T",2524
91,"Nechako Lakes",1997,"T",25882
92,"Nisga'a",1997,"T",2075
5,"Southeast Kootenay",1998,"T",40288
6,"Rocky Mountain",1998,"T",24553
8,"Kootenay Lake",1998,"T",40972
10,"Arrow Lakes",1998,"T",5219
19,"Revelstoke",1998,"T",8608
20,"Kootenay-Columbia",1998,"T",34143
22,"Vernon",1998,"T",58250
23,"Central Okanagan",1998,"T",148799
27,"Cariboo - Chilcotin",1998,"T",44219
28,"Quesnel",1998,"T",26326
33,"Chilliwack",1998,"T",70137
34,"Abbotsford",1998,"T",116060
35,"Langley",1998,"T",113982
36,"Surrey",1998,"T",358400
37,"Delta",1998,"T",101747
38,"Richmond",1998,"T",164898
39,"Vancouver",1998,"T",560268
40,"New Westminster",1998,"T",54541
41,"Burnaby",1998,"T",192021
42,"Maple Ridge-Pitt Meadows",1998,"T",76446
43,"Coquitlam",1998,"T",189589
44,"North Vancouver",1998,"T",131084
45,"West Vancouver",1998,"T",49984
46,"Sunshine Coast",1998,"T",26233
47,"Powell River",1998,"T",20246
48,"Sea to Sky",1998,"T",29430
49,"Central Coast",1998,"T",4144
50,"Haida Qwaii/Queen Charlotte",1998,"T",5271
51,"Boundary",1998,"T",12814
52,"Prince Rupert",1998,"T",19068
53,"Okanagan Similkameen",1998,"T",22903
54,"Bulkley Valley",1998,"T",17072
57,"Prince George",1998,"T",102147
58,"Nicola - Similkameen",1998,"T",16518
59,"Peace River South",1998,"T",28147
60,"Peace River North",1998,"T",29845
61,"Greater Victoria",1998,"T",209322
62,"Sooke",1998,"T",53813
63,"Saanich",1998,"T",59222
64,"Gulf Islands",1998,"T",13662
67,"Okanagan Skaha",1998,"T",51013
68,"Nanaimo-Ladysmith",1998,"T",101801
69,"Qualicum",1998,"T",38057
70,"Alberni",1998,"T",32164
71,"Comox Valley",1998,"T",57683
72,"Campbell River",1998,"T",40759
73,"Kamloops/Thompson",1998,"T",105089
74,"Gold Trail",1998,"T",12491
75,"Mission",1998,"T",36655
78,"Fraser - Cascade",1998,"T",15980
79,"Cowichan Valley",1998,"T",63973
81,"Fort Nelson",1998,"T",6250
82,"Coast Mountains",1998,"T",42176
83,"Okanagan - Shuswap",1998,"T",50595
84,"Vancouver Island West",1998,"T",3342
85,"Vancouver Island North",1998,"T",14602
87,"Stikine",1998,"T",2476
91,"Nechako Lakes",1998,"T",25644
92,"Nisga'a",1998,"T",1972
5,"Southeast Kootenay",1999,"T",40173
6,"Rocky Mountain",1999,"T",24527
8,"Kootenay Lake",1999,"T",40532
10,"Arrow Lakes",1999,"T",5169
19,"Revelstoke",1999,"T",8400
20,"Kootenay-Columbia",1999,"T",33899
22,"Vernon",1999,"T",58073
23,"Central Okanagan",1999,"T",150375
27,"Cariboo - Chilcotin",1999,"T",43652
28,"Quesnel",1999,"T",25698
33,"Chilliwack",1999,"T",71155
34,"Abbotsford",1999,"T",118363
35,"Langley",1999,"T",114949
36,"Surrey",1999,"T",367224
37,"Delta",1999,"T",101978
38,"Richmond",1999,"T",168700
39,"Vancouver",1999,"T",566555
40,"New Westminster",1999,"T",55822
41,"Burnaby",1999,"T",195272
42,"Maple Ridge-Pitt Meadows",1999,"T",78276
43,"Coquitlam",1999,"T",193836
44,"North Vancouver",1999,"T",131983
45,"West Vancouver",1999,"T",50048
46,"Sunshine Coast",1999,"T",26178
47,"Powell River",1999,"T",20021
48,"Sea to Sky",1999,"T",29688
49,"Central Coast",1999,"T",4108
50,"Haida Qwaii/Queen Charlotte",1999,"T",5233
51,"Boundary",1999,"T",12653
52,"Prince Rupert",1999,"T",18832
53,"Okanagan Similkameen",1999,"T",22896
54,"Bulkley Valley",1999,"T",16874
57,"Prince George",1999,"T",101085
58,"Nicola - Similkameen",1999,"T",16305
59,"Peace River South",1999,"T",27500
60,"Peace River North",1999,"T",30109
61,"Greater Victoria",1999,"T",209674
62,"Sooke",1999,"T",54289
63,"Saanich",1999,"T",59653
64,"Gulf Islands",1999,"T",13612
67,"Okanagan Skaha",1999,"T",50805
68,"Nanaimo-Ladysmith",1999,"T",101939
69,"Qualicum",1999,"T",37998
70,"Alberni",1999,"T",31598
71,"Comox Valley",1999,"T",57275
72,"Campbell River",1999,"T",39979
73,"Kamloops/Thompson",1999,"T",104641
74,"Gold Trail",1999,"T",12395
75,"Mission",1999,"T",36698
78,"Fraser - Cascade",1999,"T",15974
79,"Cowichan Valley",1999,"T",63912
81,"Fort Nelson",1999,"T",6172
82,"Coast Mountains",1999,"T",41347
83,"Okanagan - Shuswap",1999,"T",50349
84,"Vancouver Island West",1999,"T",3050
85,"Vancouver Island North",1999,"T",14224
87,"Stikine",1999,"T",2413
91,"Nechako Lakes",1999,"T",25302
92,"Nisga'a",1999,"T",1935
5,"Southeast Kootenay",2000,"T",39931
6,"Rocky Mountain",2000,"T",24553
8,"Kootenay Lake",2000,"T",40103
10,"Arrow Lakes",2000,"T",5050
19,"Revelstoke",2000,"T",8354
20,"Kootenay-Columbia",2000,"T",33585
22,"Vernon",2000,"T",58430
23,"Central Okanagan",2000,"T",152151
27,"Cariboo - Chilcotin",2000,"T",43826
28,"Quesnel",2000,"T",25640
33,"Chilliwack",2000,"T",71280
34,"Abbotsford",2000,"T",120655
35,"Langley",2000,"T",115667
36,"Surrey",2000,"T",376158
37,"Delta",2000,"T",102346
38,"Richmond",2000,"T",171480
39,"Vancouver",2000,"T",572619
40,"New Westminster",2000,"T",57357
41,"Burnaby",2000,"T",199767
42,"Maple Ridge-Pitt Meadows",2000,"T",80123
43,"Coquitlam",2000,"T",196778
44,"North Vancouver",2000,"T",132852
45,"West Vancouver",2000,"T",50101
46,"Sunshine Coast",2000,"T",25976
47,"Powell River",2000,"T",19753
48,"Sea to Sky",2000,"T",29659
49,"Central Coast",2000,"T",4108
50,"Haida Qwaii/Queen Charlotte",2000,"T",5140
51,"Boundary",2000,"T",12474
52,"Prince Rupert",2000,"T",17643
53,"Okanagan Similkameen",2000,"T",22732
54,"Bulkley Valley",2000,"T",16684
57,"Prince George",2000,"T",100184
58,"Nicola - Similkameen",2000,"T",16102
59,"Peace River South",2000,"T",26722
60,"Peace River North",2000,"T",30329
61,"Greater Victoria",2000,"T",209532
62,"Sooke",2000,"T",54774
63,"Saanich",2000,"T",60130
64,"Gulf Islands",2000,"T",13422
67,"Okanagan Skaha",2000,"T",50537
68,"Nanaimo-Ladysmith",2000,"T",101371
69,"Qualicum",2000,"T",38320
70,"Alberni",2000,"T",31107
71,"Comox Valley",2000,"T",56482
72,"Campbell River",2000,"T",39298
73,"Kamloops/Thompson",2000,"T",105674
74,"Gold Trail",2000,"T",12330
75,"Mission",2000,"T",36612
78,"Fraser - Cascade",2000,"T",15937
79,"Cowichan Valley",2000,"T",63728
81,"Fort Nelson",2000,"T",6007
82,"Coast Mountains",2000,"T",41018
83,"Okanagan - Shuswap",2000,"T",50466
84,"Vancouver Island West",2000,"T",2943
85,"Vancouver Island North",2000,"T",13807
87,"Stikine",2000,"T",2391
91,"Nechako Lakes",2000,"T",25077
92,"Nisga'a",2000,"T",1955
5,"Southeast Kootenay",2001,"T",39801
6,"Rocky Mountain",2001,"T",24509
8,"Kootenay Lake",2001,"T",39677
10,"Arrow Lakes",2001,"T",5011
19,"Revelstoke",2001,"T",8206
20,"Kootenay-Columbia",2001,"T",33072
22,"Vernon",2001,"T",58656
23,"Central Okanagan",2001,"T",154157
27,"Cariboo - Chilcotin",2001,"T",42846
28,"Quesnel",2001,"T",25018
33,"Chilliwack",2001,"T",72217
34,"Abbotsford",2001,"T",123476
35,"Langley",2001,"T",116770
36,"Surrey",2001,"T",387416
37,"Delta",2001,"T",102593
38,"Richmond",2001,"T",175571
39,"Vancouver",2001,"T",581130
40,"New Westminster",2001,"T",57286
41,"Burnaby",2001,"T",204058
42,"Maple Ridge-Pitt Meadows",2001,"T",82328
43,"Coquitlam",2001,"T",201792
44,"North Vancouver",2001,"T",134247
45,"West Vancouver",2001,"T",50194
46,"Sunshine Coast",2001,"T",25947
47,"Powell River",2001,"T",19589
48,"Sea to Sky",2001,"T",30083
49,"Central Coast",2001,"T",3985
50,"Haida Qwaii/Queen Charlotte",2001,"T",5028
51,"Boundary",2001,"T",12329
52,"Prince Rupert",2001,"T",17199
53,"Okanagan Similkameen",2001,"T",22865
54,"Bulkley Valley",2001,"T",16389
57,"Prince George",2001,"T",98490
58,"Nicola - Similkameen",2001,"T",15752
59,"Peace River South",2001,"T",25738
60,"Peace River North",2001,"T",30581
61,"Greater Victoria",2001,"T",210394
62,"Sooke",2001,"T",55364
63,"Saanich",2001,"T",61112
64,"Gulf Islands",2001,"T",13802
67,"Okanagan Skaha",2001,"T",50257
68,"Nanaimo-Ladysmith",2001,"T",101941
69,"Qualicum",2001,"T",38596
70,"Alberni",2001,"T",30741
71,"Comox Valley",2001,"T",56371
72,"Campbell River",2001,"T",39083
73,"Kamloops/Thompson",2001,"T",104854
74,"Gold Trail",2001,"T",12228
75,"Mission",2001,"T",36984
78,"Fraser - Cascade",2001,"T",16135
79,"Cowichan Valley",2001,"T",63595
81,"Fort Nelson",2001,"T",5993
82,"Coast Mountains",2001,"T",39857
83,"Okanagan - Shuswap",2001,"T",49966
84,"Vancouver Island West",2001,"T",2702
85,"Vancouver Island North",2001,"T",13678
87,"Stikine",2001,"T",2375
91,"Nechako Lakes",2001,"T",24779
92,"Nisga'a",2001,"T",2068
5,"Southeast Kootenay",2002,"T",39912
6,"Rocky Mountain",2002,"T",23504
8,"Kootenay Lake",2002,"T",40027
10,"Arrow Lakes",2002,"T",4918
19,"Revelstoke",2002,"T",8186
20,"Kootenay-Columbia",2002,"T",32163
22,"Vernon",2002,"T",58960
23,"Central Okanagan",2002,"T",155895
27,"Cariboo - Chilcotin",2002,"T",42145
28,"Quesnel",2002,"T",24005
33,"Chilliwack",2002,"T",73182
34,"Abbotsford",2002,"T",125216
35,"Langley",2002,"T",116000
36,"Surrey",2002,"T",399332
37,"Delta",2002,"T",101960
38,"Richmond",2002,"T",176968
39,"Vancouver",2002,"T",587012
40,"New Westminster",2002,"T",58022
41,"Burnaby",2002,"T",204727
42,"Maple Ridge-Pitt Meadows",2002,"T",83330
43,"Coquitlam",2002,"T",204573
44,"North Vancouver",2002,"T",134022
45,"West Vancouver",2002,"T",49968
46,"Sunshine Coast",2002,"T",26177
47,"Powell River",2002,"T",19380
48,"Sea to Sky",2002,"T",30530
49,"Central Coast",2002,"T",3974
50,"Haida Qwaii/Queen Charlotte",2002,"T",4782
51,"Boundary",2002,"T",12314
52,"Prince Rupert",2002,"T",16640
53,"Okanagan Similkameen",2002,"T",22868
54,"Bulkley Valley",2002,"T",15753
57,"Prince George",2002,"T",96701
58,"Nicola - Similkameen",2002,"T",16032
59,"Peace River South",2002,"T",25204
60,"Peace River North",2002,"T",31200
61,"Greater Victoria",2002,"T",211449
62,"Sooke",2002,"T",56324
63,"Saanich",2002,"T",61107
64,"Gulf Islands",2002,"T",13725
67,"Okanagan Skaha",2002,"T",50323
68,"Nanaimo-Ladysmith",2002,"T",100997
69,"Qualicum",2002,"T",41427
70,"Alberni",2002,"T",30507
71,"Comox Valley",2002,"T",56338
72,"Campbell River",2002,"T",39254
73,"Kamloops/Thompson",2002,"T",104807
74,"Gold Trail",2002,"T",11851
75,"Mission",2002,"T",37235
78,"Fraser - Cascade",2002,"T",16193
79,"Cowichan Valley",2002,"T",63883
81,"Fort Nelson",2002,"T",5962
82,"Coast Mountains",2002,"T",38805
83,"Okanagan - Shuswap",2002,"T",49972
84,"Vancouver Island West",2002,"T",2655
85,"Vancouver Island North",2002,"T",13135
87,"Stikine",2002,"T",2278
91,"Nechako Lakes",2002,"T",24359
92,"Nisga'a",2002,"T",1993
5,"Southeast Kootenay",2003,"T",39575
6,"Rocky Mountain",2003,"T",23440
8,"Kootenay Lake",2003,"T",40130
10,"Arrow Lakes",2003,"T",4880
19,"Revelstoke",2003,"T",8045
20,"Kootenay-Columbia",2003,"T",31882
22,"Vernon",2003,"T",59466
23,"Central Okanagan",2003,"T",158394
27,"Cariboo - Chilcotin",2003,"T",41469
28,"Quesnel",2003,"T",23512
33,"Chilliwack",2003,"T",74196
34,"Abbotsford",2003,"T",125692
35,"Langley",2003,"T",116825
36,"Surrey",2003,"T",406470
37,"Delta",2003,"T",101679
38,"Richmond",2003,"T",178319
39,"Vancouver",2003,"T",593051
40,"New Westminster",2003,"T",59185
41,"Burnaby",2003,"T",205596
42,"Maple Ridge-Pitt Meadows",2003,"T",83693
43,"Coquitlam",2003,"T",204904
44,"North Vancouver",2003,"T",133331
45,"West Vancouver",2003,"T",50196
46,"Sunshine Coast",2003,"T",26450
47,"Powell River",2003,"T",19251
48,"Sea to Sky",2003,"T",31060
49,"Central Coast",2003,"T",3830
50,"Haida Qwaii/Queen Charlotte",2003,"T",4751
51,"Boundary",2003,"T",12296
52,"Prince Rupert",2003,"T",16086
53,"Okanagan Similkameen",2003,"T",22669
54,"Bulkley Valley",2003,"T",15424
57,"Prince George",2003,"T",96643
58,"Nicola - Similkameen",2003,"T",15967
59,"Peace River South",2003,"T",24939
60,"Peace River North",2003,"T",31106
61,"Greater Victoria",2003,"T",212843
62,"Sooke",2003,"T",57113
63,"Saanich",2003,"T",61415
64,"Gulf Islands",2003,"T",13997
67,"Okanagan Skaha",2003,"T",50356
68,"Nanaimo-Ladysmith",2003,"T",104764
69,"Qualicum",2003,"T",39911
70,"Alberni",2003,"T",30471
71,"Comox Valley",2003,"T",57190
72,"Campbell River",2003,"T",39111
73,"Kamloops/Thompson",2003,"T",104522
74,"Gold Trail",2003,"T",11629
75,"Mission",2003,"T",37839
78,"Fraser - Cascade",2003,"T",16265
79,"Cowichan Valley",2003,"T",64448
81,"Fort Nelson",2003,"T",6001
82,"Coast Mountains",2003,"T",38272
83,"Okanagan - Shuswap",2003,"T",49918
84,"Vancouver Island West",2003,"T",2573
85,"Vancouver Island North",2003,"T",12753
87,"Stikine",2003,"T",2280
91,"Nechako Lakes",2003,"T",23872
92,"Nisga'a",2003,"T",1992
5,"Southeast Kootenay",2004,"T",38931
6,"Rocky Mountain",2004,"T",23849
8,"Kootenay Lake",2004,"T",39201
10,"Arrow Lakes",2004,"T",4725
19,"Revelstoke",2004,"T",7982
20,"Kootenay-Columbia",2004,"T",31713
22,"Vernon",2004,"T",59999
23,"Central Okanagan",2004,"T",159341
27,"Cariboo - Chilcotin",2004,"T",41516
28,"Quesnel",2004,"T",23394
33,"Chilliwack",2004,"T",75779
34,"Abbotsford",2004,"T",128808
35,"Langley",2004,"T",118110
36,"Surrey",2004,"T",414447
37,"Delta",2004,"T",101089
38,"Richmond",2004,"T",179290
39,"Vancouver",2004,"T",598387
40,"New Westminster",2004,"T",59623
41,"Burnaby",2004,"T",206524
42,"Maple Ridge-Pitt Meadows",2004,"T",84334
43,"Coquitlam",2004,"T",203922
44,"North Vancouver",2004,"T",132424
45,"West Vancouver",2004,"T",50076
46,"Sunshine Coast",2004,"T",26619
47,"Powell River",2004,"T",19186
48,"Sea to Sky",2004,"T",31556
49,"Central Coast",2004,"T",3707
50,"Haida Qwaii/Queen Charlotte",2004,"T",4779
51,"Boundary",2004,"T",12133
52,"Prince Rupert",2004,"T",15824
53,"Okanagan Similkameen",2004,"T",22889
54,"Bulkley Valley",2004,"T",15612
57,"Prince George",2004,"T",96943
58,"Nicola - Similkameen",2004,"T",16078
59,"Peace River South",2004,"T",25986
60,"Peace River North",2004,"T",32635
61,"Greater Victoria",2004,"T",214067
62,"Sooke",2004,"T",58043
63,"Saanich",2004,"T",61437
64,"Gulf Islands",2004,"T",14214
67,"Okanagan Skaha",2004,"T",50277
68,"Nanaimo-Ladysmith",2004,"T",106083
69,"Qualicum",2004,"T",40198
70,"Alberni",2004,"T",30676
71,"Comox Valley",2004,"T",57913
72,"Campbell River",2004,"T",39125
73,"Kamloops/Thompson",2004,"T",104909
74,"Gold Trail",2004,"T",11768
75,"Mission",2004,"T",38758
78,"Fraser - Cascade",2004,"T",16544
79,"Cowichan Valley",2004,"T",65107
81,"Fort Nelson",2004,"T",6231
82,"Coast Mountains",2004,"T",37974
83,"Okanagan - Shuswap",2004,"T",50629
84,"Vancouver Island West",2004,"T",2649
85,"Vancouver Island North",2004,"T",12777
87,"Stikine",2004,"T",2228
91,"Nechako Lakes",2004,"T",24015
92,"Nisga'a",2004,"T",1984
5,"Southeast Kootenay",2005,"T",38715
6,"Rocky Mountain",2005,"T",23907
8,"Kootenay Lake",2005,"T",39156
10,"Arrow Lakes",2005,"T",4662
19,"Revelstoke",2005,"T",7912
20,"Kootenay-Columbia",2005,"T",31728
22,"Vernon",2005,"T",61014
23,"Central Okanagan",2005,"T",163061
27,"Cariboo - Chilcotin",2005,"T",41066
28,"Quesnel",2005,"T",23079
33,"Chilliwack",2005,"T",77165
34,"Abbotsford",2005,"T",129297
35,"Langley",2005,"T",120308
36,"Surrey",2005,"T",423719
37,"Delta",2005,"T",100928
38,"Richmond",2005,"T",181087
39,"Vancouver",2005,"T",604207
40,"New Westminster",2005,"T",59817
41,"Burnaby",2005,"T",208482
42,"Maple Ridge-Pitt Meadows",2005,"T",86362
43,"Coquitlam",2005,"T",205009
44,"North Vancouver",2005,"T",132821
45,"West Vancouver",2005,"T",50907
46,"Sunshine Coast",2005,"T",27349
47,"Powell River",2005,"T",19198
48,"Sea to Sky",2005,"T",31550
49,"Central Coast",2005,"T",3637
50,"Haida Qwaii/Queen Charlotte",2005,"T",4766
51,"Boundary",2005,"T",12207
52,"Prince Rupert",2005,"T",15370
53,"Okanagan Similkameen",2005,"T",23480
54,"Bulkley Valley",2005,"T",15214
57,"Prince George",2005,"T",95066
58,"Nicola - Similkameen",2005,"T",16155
59,"Peace River South",2005,"T",25885
60,"Peace River North",2005,"T",32872
61,"Greater Victoria",2005,"T",216011
62,"Sooke",2005,"T",59574
63,"Saanich",2005,"T",62135
64,"Gulf Islands",2005,"T",14610
67,"Okanagan Skaha",2005,"T",50496
68,"Nanaimo-Ladysmith",2005,"T",107677
69,"Qualicum",2005,"T",41883
70,"Alberni",2005,"T",30844
71,"Comox Valley",2005,"T",59199
72,"Campbell River",2005,"T",39576
73,"Kamloops/Thompson",2005,"T",105372
74,"Gold Trail",2005,"T",11506
75,"Mission",2005,"T",39712
78,"Fraser - Cascade",2005,"T",16741
79,"Cowichan Valley",2005,"T",66006
81,"Fort Nelson",2005,"T",6300
82,"Coast Mountains",2005,"T",37200
83,"Okanagan - Shuswap",2005,"T",51032
84,"Vancouver Island West",2005,"T",2510
85,"Vancouver Island North",2005,"T",12293
87,"Stikine",2005,"T",2212
91,"Nechako Lakes",2005,"T",23748
92,"Nisga'a",2005,"T",1969
5,"Southeast Kootenay",2006,"T",38816
6,"Rocky Mountain",2006,"T",24252
8,"Kootenay Lake",2006,"T",39240
10,"Arrow Lakes",2006,"T",4633
19,"Revelstoke",2006,"T",7906
20,"Kootenay-Columbia",2006,"T",31335
22,"Vernon",2006,"T",62177
23,"Central Okanagan",2006,"T",167231
27,"Cariboo - Chilcotin",2006,"T",40706
28,"Quesnel",2006,"T",22809
33,"Chilliwack",2006,"T",79249
34,"Abbotsford",2006,"T",129982
35,"Langley",2006,"T",122153
36,"Surrey",2006,"T",431243
37,"Delta",2006,"T",100724
38,"Richmond",2006,"T",182638
39,"Vancouver",2006,"T",612456
40,"New Westminster",2006,"T",60496
41,"Burnaby",2006,"T",210503
42,"Maple Ridge-Pitt Meadows",2006,"T",88012
43,"Coquitlam",2006,"T",205573
44,"North Vancouver",2006,"T",133681
45,"West Vancouver",2006,"T",51137
46,"Sunshine Coast",2006,"T",27921
47,"Powell River",2006,"T",19333
48,"Sea to Sky",2006,"T",32337
49,"Central Coast",2006,"T",3502
50,"Haida Qwaii/Queen Charlotte",2006,"T",4848
51,"Boundary",2006,"T",12156
52,"Prince Rupert",2006,"T",15070
53,"Okanagan Similkameen",2006,"T",23572
54,"Bulkley Valley",2006,"T",15090
57,"Prince George",2006,"T",94304
58,"Nicola - Similkameen",2006,"T",16193
59,"Peace River South",2006,"T",26175
60,"Peace River North",2006,"T",33276
61,"Greater Victoria",2006,"T",217691
62,"Sooke",2006,"T",60943
63,"Saanich",2006,"T",61956
64,"Gulf Islands",2006,"T",14848
67,"Okanagan Skaha",2006,"T",51869
68,"Nanaimo-Ladysmith",2006,"T",109966
69,"Qualicum",2006,"T",42770
70,"Alberni",2006,"T",31076
71,"Comox Valley",2006,"T",60365
72,"Campbell River",2006,"T",40164
73,"Kamloops/Thompson",2006,"T",107119
74,"Gold Trail",2006,"T",11516
75,"Mission",2006,"T",40479
78,"Fraser - Cascade",2006,"T",16805
79,"Cowichan Valley",2006,"T",67245
81,"Fort Nelson",2006,"T",6258
82,"Coast Mountains",2006,"T",36519
83,"Okanagan - Shuswap",2006,"T",51733
84,"Vancouver Island West",2006,"T",2503
85,"Vancouver Island North",2006,"T",12005
87,"Stikine",2006,"T",2160
91,"Nechako Lakes",2006,"T",23127
92,"Nisga'a",2006,"T",1948
5,"Southeast Kootenay",2007,"T",38886
6,"Rocky Mountain",2007,"T",24338
8,"Kootenay Lake",2007,"T",39794
10,"Arrow Lakes",2007,"T",4629
19,"Revelstoke",2007,"T",7825
20,"Kootenay-Columbia",2007,"T",31770
22,"Vernon",2007,"T",62996
23,"Central Okanagan",2007,"T",172518
27,"Cariboo - Chilcotin",2007,"T",40268
28,"Quesnel",2007,"T",22848
33,"Chilliwack",2007,"T",81294
34,"Abbotsford",2007,"T",131401
35,"Langley",2007,"T",124616
36,"Surrey",2007,"T",442899
37,"Delta",2007,"T",100714
38,"Richmond",2007,"T",185818
39,"Vancouver",2007,"T",620146
40,"New Westminster",2007,"T",61642
41,"Burnaby",2007,"T",214613
42,"Maple Ridge-Pitt Meadows",2007,"T",89348
43,"Coquitlam",2007,"T",208031
44,"North Vancouver",2007,"T",133565
45,"West Vancouver",2007,"T",50953
46,"Sunshine Coast",2007,"T",28198
47,"Powell River",2007,"T",19274
48,"Sea to Sky",2007,"T",32450
49,"Central Coast",2007,"T",3400
50,"Haida Qwaii/Queen Charlotte",2007,"T",4758
51,"Boundary",2007,"T",12234
52,"Prince Rupert",2007,"T",14788
53,"Okanagan Similkameen",2007,"T",23796
54,"Bulkley Valley",2007,"T",14927
57,"Prince George",2007,"T",93890
58,"Nicola - Similkameen",2007,"T",16046
59,"Peace River South",2007,"T",26146
60,"Peace River North",2007,"T",33475
61,"Greater Victoria",2007,"T",217729
62,"Sooke",2007,"T",62710
63,"Saanich",2007,"T",62049
64,"Gulf Islands",2007,"T",14791
67,"Okanagan Skaha",2007,"T",52451
68,"Nanaimo-Ladysmith",2007,"T",110389
69,"Qualicum",2007,"T",43555
70,"Alberni",2007,"T",31008
71,"Comox Valley",2007,"T",61502
72,"Campbell River",2007,"T",40352
73,"Kamloops/Thompson",2007,"T",108297
74,"Gold Trail",2007,"T",11434
75,"Mission",2007,"T",40791
78,"Fraser - Cascade",2007,"T",16674
79,"Cowichan Valley",2007,"T",67632
81,"Fort Nelson",2007,"T",6033
82,"Coast Mountains",2007,"T",35571
83,"Okanagan - Shuswap",2007,"T",52304
84,"Vancouver Island West",2007,"T",2481
85,"Vancouver Island North",2007,"T",11867
87,"Stikine",2007,"T",2104
91,"Nechako Lakes",2007,"T",23026
92,"Nisga'a",2007,"T",1940
5,"Southeast Kootenay",2008,"T",39608
6,"Rocky Mountain",2008,"T",24834
8,"Kootenay Lake",2008,"T",40502
10,"Arrow Lakes",2008,"T",4634
19,"Revelstoke",2008,"T",7783
20,"Kootenay-Columbia",2008,"T",32330
22,"Vernon",2008,"T",64214
23,"Central Okanagan",2008,"T",178233
27,"Cariboo - Chilcotin",2008,"T",40455
28,"Quesnel",2008,"T",23225
33,"Chilliwack",2008,"T",83296
34,"Abbotsford",2008,"T",133214
35,"Langley",2008,"T",127348
36,"Surrey",2008,"T",456516
37,"Delta",2008,"T",101244
38,"Richmond",2008,"T",188224
39,"Vancouver",2008,"T",619560
40,"New Westminster",2008,"T",63603
41,"Burnaby",2008,"T",218081
42,"Maple Ridge-Pitt Meadows",2008,"T",91797
43,"Coquitlam",2008,"T",212017
44,"North Vancouver",2008,"T",133315
45,"West Vancouver",2008,"T",50571
46,"Sunshine Coast",2008,"T",28462
47,"Powell River",2008,"T",19368
48,"Sea to Sky",2008,"T",32777
49,"Central Coast",2008,"T",3351
50,"Haida Qwaii/Queen Charlotte",2008,"T",4655
51,"Boundary",2008,"T",12430
52,"Prince Rupert",2008,"T",14655
53,"Okanagan Similkameen",2008,"T",24185
54,"Bulkley Valley",2008,"T",15182
57,"Prince George",2008,"T",93663
58,"Nicola - Similkameen",2008,"T",15987
59,"Peace River South",2008,"T",26102
60,"Peace River North",2008,"T",33675
61,"Greater Victoria",2008,"T",218525
62,"Sooke",2008,"T",64756
63,"Saanich",2008,"T",62413
64,"Gulf Islands",2008,"T",14967
67,"Okanagan Skaha",2008,"T",52983
68,"Nanaimo-Ladysmith",2008,"T",111737
69,"Qualicum",2008,"T",44584
70,"Alberni",2008,"T",31225
71,"Comox Valley",2008,"T",62896
72,"Campbell River",2008,"T",40842
73,"Kamloops/Thompson",2008,"T",110631
74,"Gold Trail",2008,"T",11537
75,"Mission",2008,"T",41233
78,"Fraser - Cascade",2008,"T",16899
79,"Cowichan Valley",2008,"T",68582
81,"Fort Nelson",2008,"T",5910
82,"Coast Mountains",2008,"T",35446
83,"Okanagan - Shuswap",2008,"T",53528
84,"Vancouver Island West",2008,"T",2479
85,"Vancouver Island North",2008,"T",11826
87,"Stikine",2008,"T",2088
91,"Nechako Lakes",2008,"T",23225
92,"Nisga'a",2008,"T",1928
5,"Southeast Kootenay",2009,"T",40048
6,"Rocky Mountain",2009,"T",25022
8,"Kootenay Lake",2009,"T",40733
10,"Arrow Lakes",2009,"T",4611
19,"Revelstoke",2009,"T",7746
20,"Kootenay-Columbia",2009,"T",32710
22,"Vernon",2009,"T",65179
23,"Central Okanagan",2009,"T",181861
27,"Cariboo - Chilcotin",2009,"T",40274
28,"Quesnel",2009,"T",23443
33,"Chilliwack",2009,"T",84814
34,"Abbotsford",2009,"T",135126
35,"Langley",2009,"T",129682
36,"Surrey",2009,"T",471677
37,"Delta",2009,"T",102102
38,"Richmond",2009,"T",192535
39,"Vancouver",2009,"T",624301
40,"New Westminster",2009,"T",64930
41,"Burnaby",2009,"T",222835
42,"Maple Ridge-Pitt Meadows",2009,"T",93658
43,"Coquitlam",2009,"T",216903
44,"North Vancouver",2009,"T",134421
45,"West Vancouver",2009,"T",50732
46,"Sunshine Coast",2009,"T",28528
47,"Powell River",2009,"T",19453
48,"Sea to Sky",2009,"T",33846
49,"Central Coast",2009,"T",3320
50,"Haida Qwaii/Queen Charlotte",2009,"T",4506
51,"Boundary",2009,"T",12360
52,"Prince Rupert",2009,"T",14581
53,"Okanagan Similkameen",2009,"T",24495
54,"Bulkley Valley",2009,"T",15337
57,"Prince George",2009,"T",93388
58,"Nicola - Similkameen",2009,"T",15895
59,"Peace River South",2009,"T",26139
60,"Peace River North",2009,"T",34265
61,"Greater Victoria",2009,"T",219341
62,"Sooke",2009,"T",66561
63,"Saanich",2009,"T",62518
64,"Gulf Islands",2009,"T",15025
67,"Okanagan Skaha",2009,"T",53660
68,"Nanaimo-Ladysmith",2009,"T",112976
69,"Qualicum",2009,"T",45064
70,"Alberni",2009,"T",31313
71,"Comox Valley",2009,"T",63551
72,"Campbell River",2009,"T",41192
73,"Kamloops/Thompson",2009,"T",111882
74,"Gold Trail",2009,"T",11529
75,"Mission",2009,"T",41592
78,"Fraser - Cascade",2009,"T",17021
79,"Cowichan Valley",2009,"T",69045
81,"Fort Nelson",2009,"T",5799
82,"Coast Mountains",2009,"T",35323
83,"Okanagan - Shuswap",2009,"T",54028
84,"Vancouver Island West",2009,"T",2445
85,"Vancouver Island North",2009,"T",11844
87,"Stikine",2009,"T",2031
91,"Nechako Lakes",2009,"T",23366
92,"Nisga'a",2009,"T",1944
5,"Southeast Kootenay",2010,"T",40050
6,"Rocky Mountain",2010,"T",24489
8,"Kootenay Lake",2010,"T",40819
10,"Arrow Lakes",2010,"T",4610
19,"Revelstoke",2010,"T",7684
20,"Kootenay-Columbia",2010,"T",32681
22,"Vernon",2010,"T",64825
23,"Central Okanagan",2010,"T",181891
27,"Cariboo - Chilcotin",2010,"T",39928
28,"Quesnel",2010,"T",23577
33,"Chilliwack",2010,"T",86708
34,"Abbotsford",2010,"T",137045
35,"Langley",2010,"T",131504
36,"Surrey",2010,"T",489366
37,"Delta",2010,"T",102548
38,"Richmond",2010,"T",195729
39,"Vancouver",2010,"T",631789
40,"New Westminster",2010,"T",66722
41,"Burnaby",2010,"T",227091
42,"Maple Ridge-Pitt Meadows",2010,"T",95329
43,"Coquitlam",2010,"T",222517
44,"North Vancouver",2010,"T",137116
45,"West Vancouver",2010,"T",51418
46,"Sunshine Coast",2010,"T",28590
47,"Powell River",2010,"T",19555
48,"Sea to Sky",2010,"T",34618
49,"Central Coast",2010,"T",3326
50,"Haida Qwaii/Queen Charlotte",2010,"T",4395
51,"Boundary",2010,"T",12101
52,"Prince Rupert",2010,"T",14639
53,"Okanagan Similkameen",2010,"T",23937
54,"Bulkley Valley",2010,"T",15660
57,"Prince George",2010,"T",93514
58,"Nicola - Similkameen",2010,"T",15964
59,"Peace River South",2010,"T",26349
60,"Peace River North",2010,"T",34443
61,"Greater Victoria",2010,"T",219451
62,"Sooke",2010,"T",69369
63,"Saanich",2010,"T",62653
64,"Gulf Islands",2010,"T",15042
67,"Okanagan Skaha",2010,"T",53231
68,"Nanaimo-Ladysmith",2010,"T",113927
69,"Qualicum",2010,"T",45366
70,"Alberni",2010,"T",31303
71,"Comox Valley",2010,"T",63875
72,"Campbell River",2010,"T",41236
73,"Kamloops/Thompson",2010,"T",111445
74,"Gold Trail",2010,"T",11352
75,"Mission",2010,"T",41773
78,"Fraser - Cascade",2010,"T",17055
79,"Cowichan Valley",2010,"T",69679
81,"Fort Nelson",2010,"T",5930
82,"Coast Mountains",2010,"T",35074
83,"Okanagan - Shuswap",2010,"T",53705
84,"Vancouver Island West",2010,"T",2382
85,"Vancouver Island North",2010,"T",11776
87,"Stikine",2010,"T",1977
91,"Nechako Lakes",2010,"T",23479
92,"Nisga'a",2010,"T",1939
5,"Southeast Kootenay",2011,"T",40411
6,"Rocky Mountain",2011,"T",24222
8,"Kootenay Lake",2011,"T",41270
10,"Arrow Lakes",2011,"T",4503
19,"Revelstoke",2011,"T",7830
20,"Kootenay-Columbia",2011,"T",33139
22,"Vernon",2011,"T",65216
23,"Central Okanagan",2011,"T",183432
27,"Cariboo - Chilcotin",2011,"T",39975
28,"Quesnel",2011,"T",23820
33,"Chilliwack",2011,"T",88557
34,"Abbotsford",2011,"T",137303
35,"Langley",2011,"T",132691
36,"Surrey",2011,"T",501885
37,"Delta",2011,"T",102839
38,"Richmond",2011,"T",196130
39,"Vancouver",2011,"T",634999
40,"New Westminster",2011,"T",67590
41,"Burnaby",2011,"T",229379
42,"Maple Ridge-Pitt Meadows",2011,"T",96253
43,"Coquitlam",2011,"T",224759
44,"North Vancouver",2011,"T",137680
45,"West Vancouver",2011,"T",50407
46,"Sunshine Coast",2011,"T",28937
47,"Powell River",2011,"T",19726
48,"Sea to Sky",2011,"T",35424
49,"Central Coast",2011,"T",3297
50,"Haida Qwaii/Queen Charlotte",2011,"T",4528
51,"Boundary",2011,"T",11997
52,"Prince Rupert",2011,"T",14653
53,"Okanagan Similkameen",2011,"T",23653
54,"Bulkley Valley",2011,"T",16062
57,"Prince George",2011,"T",93931
58,"Nicola - Similkameen",2011,"T",15638
59,"Peace River South",2011,"T",27056
60,"Peace River North",2011,"T",34772
61,"Greater Victoria",2011,"T",219208
62,"Sooke",2011,"T",70611
63,"Saanich",2011,"T",62987
64,"Gulf Islands",2011,"T",15069
67,"Okanagan Skaha",2011,"T",53576
68,"Nanaimo-Ladysmith",2011,"T",115530
69,"Qualicum",2011,"T",45471
70,"Alberni",2011,"T",31602
71,"Comox Valley",2011,"T",64459
72,"Campbell River",2011,"T",41707
73,"Kamloops/Thompson",2011,"T",112636
74,"Gold Trail",2011,"T",11024
75,"Mission",2011,"T",41110
78,"Fraser - Cascade",2011,"T",17120
79,"Cowichan Valley",2011,"T",69799
81,"Fort Nelson",2011,"T",6027
82,"Coast Mountains",2011,"T",34876
83,"Okanagan - Shuswap",2011,"T",53640
84,"Vancouver Island West",2011,"T",2244
85,"Vancouver Island North",2011,"T",11730
87,"Stikine",2011,"T",1977
91,"Nechako Lakes",2011,"T",23846
92,"Nisga'a",2011,"T",1891
5,"Southeast Kootenay",2012,"T",40651
6,"Rocky Mountain",2012,"T",24359
8,"Kootenay Lake",2012,"T",41234
10,"Arrow Lakes",2012,"T",4498
19,"Revelstoke",2012,"T",7795
20,"Kootenay-Columbia",2012,"T",33207
22,"Vernon",2012,"T",64915
23,"Central Okanagan",2012,"T",186157
27,"Cariboo - Chilcotin",2012,"T",39622
28,"Quesnel",2012,"T",23829
33,"Chilliwack",2012,"T",90326
34,"Abbotsford",2012,"T",139733
35,"Langley",2012,"T",135529
36,"Surrey",2012,"T",513156
37,"Delta",2012,"T",104322
38,"Richmond",2012,"T",197274
39,"Vancouver",2012,"T",646782
40,"New Westminster",2012,"T",68896
41,"Burnaby",2012,"T",233968
42,"Maple Ridge-Pitt Meadows",2012,"T",97680
43,"Coquitlam",2012,"T",229503
44,"North Vancouver",2012,"T",140496
45,"West Vancouver",2012,"T",51407
46,"Sunshine Coast",2012,"T",29344
47,"Powell River",2012,"T",19906
48,"Sea to Sky",2012,"T",36523
49,"Central Coast",2012,"T",3320
50,"Haida Qwaii/Queen Charlotte",2012,"T",4466
51,"Boundary",2012,"T",12106
52,"Prince Rupert",2012,"T",14680
53,"Okanagan Similkameen",2012,"T",23809
54,"Bulkley Valley",2012,"T",15942
57,"Prince George",2012,"T",95145
58,"Nicola - Similkameen",2012,"T",15674
59,"Peace River South",2012,"T",27647
60,"Peace River North",2012,"T",35828
61,"Greater Victoria",2012,"T",222150
62,"Sooke",2012,"T",72089
63,"Saanich",2012,"T",63876
64,"Gulf Islands",2012,"T",15042
67,"Okanagan Skaha",2012,"T",54158
68,"Nanaimo-Ladysmith",2012,"T",116291
69,"Qualicum",2012,"T",45976
70,"Alberni",2012,"T",31429
71,"Comox Valley",2012,"T",65173
72,"Campbell River",2012,"T",41699
73,"Kamloops/Thompson",2012,"T",113055
74,"Gold Trail",2012,"T",11069
75,"Mission",2012,"T",41763
78,"Fraser - Cascade",2012,"T",17266
79,"Cowichan Valley",2012,"T",70113
81,"Fort Nelson",2012,"T",5930
82,"Coast Mountains",2012,"T",34797
83,"Okanagan - Shuswap",2012,"T",53681
84,"Vancouver Island West",2012,"T",2211
85,"Vancouver Island North",2012,"T",11671
87,"Stikine",2012,"T",2019
91,"Nechako Lakes",2012,"T",23689
92,"Nisga'a",2012,"T",1893
5,"Southeast Kootenay",2013,"T",41116
6,"Rocky Mountain",2013,"T",24991
8,"Kootenay Lake",2013,"T",41403
10,"Arrow Lakes",2013,"T",4516
19,"Revelstoke",2013,"T",8037
20,"Kootenay-Columbia",2013,"T",33237
22,"Vernon",2013,"T",65201
23,"Central Okanagan",2013,"T",188234
27,"Cariboo - Chilcotin",2013,"T",39519
28,"Quesnel",2013,"T",23994
33,"Chilliwack",2013,"T",93049
34,"Abbotsford",2013,"T",141639
35,"Langley",2013,"T",138582
36,"Surrey",2013,"T",523860
37,"Delta",2013,"T",105346
38,"Richmond",2013,"T",198660
39,"Vancouver",2013,"T",655838
40,"New Westminster",2013,"T",69751
41,"Burnaby",2013,"T",236600
42,"Maple Ridge-Pitt Meadows",2013,"T",98241
43,"Coquitlam",2013,"T",234408
44,"North Vancouver",2013,"T",142314
45,"West Vancouver",2013,"T",51652
46,"Sunshine Coast",2013,"T",29900
47,"Powell River",2013,"T",20038
48,"Sea to Sky",2013,"T",37105
49,"Central Coast",2013,"T",3329
50,"Haida Qwaii/Queen Charlotte",2013,"T",4436
51,"Boundary",2013,"T",12069
52,"Prince Rupert",2013,"T",14694
53,"Okanagan Similkameen",2013,"T",24111
54,"Bulkley Valley",2013,"T",15967
57,"Prince George",2013,"T",97074
58,"Nicola - Similkameen",2013,"T",15754
59,"Peace River South",2013,"T",28399
60,"Peace River North",2013,"T",37218
61,"Greater Victoria",2013,"T",225077
62,"Sooke",2013,"T",73454
63,"Saanich",2013,"T",64857
64,"Gulf Islands",2013,"T",14988
67,"Okanagan Skaha",2013,"T",54554
68,"Nanaimo-Ladysmith",2013,"T",118120
69,"Qualicum",2013,"T",46486
70,"Alberni",2013,"T",31458
71,"Comox Valley",2013,"T",65980
72,"Campbell River",2013,"T",42387
73,"Kamloops/Thompson",2013,"T",114174
74,"Gold Trail",2013,"T",11022
75,"Mission",2013,"T",42022
78,"Fraser - Cascade",2013,"T",17523
79,"Cowichan Valley",2013,"T",70942
81,"Fort Nelson",2013,"T",5843
82,"Coast Mountains",2013,"T",35314
83,"Okanagan - Shuswap",2013,"T",53976
84,"Vancouver Island West",2013,"T",2204
85,"Vancouver Island North",2013,"T",11741
87,"Stikine",2013,"T",2049
91,"Nechako Lakes",2013,"T",23737
92,"Nisga'a",2013,"T",1887
5,"Southeast Kootenay",2014,"T",41896
6,"Rocky Mountain",2014,"T",25631
8,"Kootenay Lake",2014,"T",42230
10,"Arrow Lakes",2014,"T",4584
19,"Revelstoke",2014,"T",8254
20,"Kootenay-Columbia",2014,"T",33771
22,"Vernon",2014,"T",66728
23,"Central Okanagan",2014,"T",192805
27,"Cariboo - Chilcotin",2014,"T",39845
28,"Quesnel",2014,"T",24042
33,"Chilliwack",2014,"T",94277
34,"Abbotsford",2014,"T",143313
35,"Langley",2014,"T",141959
36,"Surrey",2014,"T",533716
37,"Delta",2014,"T",106688
38,"Richmond",2014,"T",202306
39,"Vancouver",2014,"T",665388
40,"New Westminster",2014,"T",71069
41,"Burnaby",2014,"T",239000
42,"Maple Ridge-Pitt Meadows",2014,"T",99988
43,"Coquitlam",2014,"T",238742
44,"North Vancouver",2014,"T",144638
45,"West Vancouver",2014,"T",52310
46,"Sunshine Coast",2014,"T",30547
47,"Powell River",2014,"T",20262
48,"Sea to Sky",2014,"T",37993
49,"Central Coast",2014,"T",3368
50,"Haida Qwaii/Queen Charlotte",2014,"T",4434
51,"Boundary",2014,"T",12192
52,"Prince Rupert",2014,"T",14677
53,"Okanagan Similkameen",2014,"T",24546
54,"Bulkley Valley",2014,"T",16141
57,"Prince George",2014,"T",98349
58,"Nicola - Similkameen",2014,"T",16000
59,"Peace River South",2014,"T",28939
60,"Peace River North",2014,"T",38223
61,"Greater Victoria",2014,"T",228976
62,"Sooke",2014,"T",75214
63,"Saanich",2014,"T",65853
64,"Gulf Islands",2014,"T",15075
67,"Okanagan Skaha",2014,"T",55028
68,"Nanaimo-Ladysmith",2014,"T",120587
69,"Qualicum",2014,"T",47252
70,"Alberni",2014,"T",31962
71,"Comox Valley",2014,"T",66915
72,"Campbell River",2014,"T",43044
73,"Kamloops/Thompson",2014,"T",116119
74,"Gold Trail",2014,"T",11024
75,"Mission",2014,"T",42522
78,"Fraser - Cascade",2014,"T",17798
79,"Cowichan Valley",2014,"T",72300
81,"Fort Nelson",2014,"T",5784
82,"Coast Mountains",2014,"T",35778
83,"Okanagan - Shuswap",2014,"T",55115
84,"Vancouver Island West",2014,"T",2213
85,"Vancouver Island North",2014,"T",11772
87,"Stikine",2014,"T",2077
91,"Nechako Lakes",2014,"T",23927
92,"Nisga'a",2014,"T",1917
5,"Southeast Kootenay",2015,"T",42804
6,"Rocky Mountain",2015,"T",26097
8,"Kootenay Lake",2015,"T",42466
10,"Arrow Lakes",2015,"T",4617
19,"Revelstoke",2015,"T",8315
20,"Kootenay-Columbia",2015,"T",34259
22,"Vernon",2015,"T",68290
23,"Central Okanagan",2015,"T",197520
27,"Cariboo - Chilcotin",2015,"T",40355
28,"Quesnel",2015,"T",24179
33,"Chilliwack",2015,"T",96189
34,"Abbotsford",2015,"T",145674
35,"Langley",2015,"T",145896
36,"Surrey",2015,"T",546511
37,"Delta",2015,"T",107714
38,"Richmond",2015,"T",202703
39,"Vancouver",2015,"T",670252
40,"New Westminster",2015,"T",72309
41,"Burnaby",2015,"T",242400
42,"Maple Ridge-Pitt Meadows",2015,"T",102424
43,"Coquitlam",2015,"T",241935
44,"North Vancouver",2015,"T",146188
45,"West Vancouver",2015,"T",52420
46,"Sunshine Coast",2015,"T",31022
47,"Powell River",2015,"T",20398
48,"Sea to Sky",2015,"T",38690
49,"Central Coast",2015,"T",3418
50,"Haida Qwaii/Queen Charlotte",2015,"T",4395
51,"Boundary",2015,"T",12475
52,"Prince Rupert",2015,"T",14469
53,"Okanagan Similkameen",2015,"T",24978
54,"Bulkley Valley",2015,"T",16120
57,"Prince George",2015,"T",98070
58,"Nicola - Similkameen",2015,"T",16193
59,"Peace River South",2015,"T",28286
60,"Peace River North",2015,"T",38194
61,"Greater Victoria",2015,"T",233980
62,"Sooke",2015,"T",78373
63,"Saanich",2015,"T",66953
64,"Gulf Islands",2015,"T",15588
67,"Okanagan Skaha",2015,"T",55663
68,"Nanaimo-Ladysmith",2015,"T",122996
69,"Qualicum",2015,"T",48094
70,"Alberni",2015,"T",31887
71,"Comox Valley",2015,"T",68074
72,"Campbell River",2015,"T",44005
73,"Kamloops/Thompson",2015,"T",117793
74,"Gold Trail",2015,"T",11138
75,"Mission",2015,"T",43409
78,"Fraser - Cascade",2015,"T",18226
79,"Cowichan Valley",2015,"T",73539
81,"Fort Nelson",2015,"T",5725
82,"Coast Mountains",2015,"T",35780
83,"Okanagan - Shuswap",2015,"T",55458
84,"Vancouver Island West",2015,"T",2185
85,"Vancouver Island North",2015,"T",11652
87,"Stikine",2015,"T",2110
91,"Nechako Lakes",2015,"T",23599
92,"Nisga'a",2015,"T",1936
5,"Southeast Kootenay",2016,"T",43289
6,"Rocky Mountain",2016,"T",26650
8,"Kootenay Lake",2016,"T",42970
10,"Arrow Lakes",2016,"T",4745
19,"Revelstoke",2016,"T",8460
20,"Kootenay-Columbia",2016,"T",34499
22,"Vernon",2016,"T",69310
23,"Central Okanagan",2016,"T",200941
27,"Cariboo - Chilcotin",2016,"T",40714
28,"Quesnel",2016,"T",24406
33,"Chilliwack",2016,"T",97863
34,"Abbotsford",2016,"T",147982
35,"Langley",2016,"T",150236
36,"Surrey",2016,"T",562672
37,"Delta",2016,"T",108687
38,"Richmond",2016,"T",207640
39,"Vancouver",2016,"T",679567
40,"New Westminster",2016,"T",74175
41,"Burnaby",2016,"T",243880
42,"Maple Ridge-Pitt Meadows",2016,"T",105644
43,"Coquitlam",2016,"T",245423
44,"North Vancouver",2016,"T",148047
45,"West Vancouver",2016,"T",52868
46,"Sunshine Coast",2016,"T",31300
47,"Powell River",2016,"T",20545
48,"Sea to Sky",2016,"T",39753
49,"Central Coast",2016,"T",3483
50,"Haida Qwaii/Queen Charlotte",2016,"T",4388
51,"Boundary",2016,"T",12602
52,"Prince Rupert",2016,"T",14587
53,"Okanagan Similkameen",2016,"T",25151
54,"Bulkley Valley",2016,"T",16066
57,"Prince George",2016,"T",98707
58,"Nicola - Similkameen",2016,"T",16322
59,"Peace River South",2016,"T",27985
60,"Peace River North",2016,"T",37752
61,"Greater Victoria",2016,"T",238202
62,"Sooke",2016,"T",81038
63,"Saanich",2016,"T",67802
64,"Gulf Islands",2016,"T",15970
67,"Okanagan Skaha",2016,"T",56602
68,"Nanaimo-Ladysmith",2016,"T",126350
69,"Qualicum",2016,"T",49229
70,"Alberni",2016,"T",32305
71,"Comox Valley",2016,"T",69484
72,"Campbell River",2016,"T",44461
73,"Kamloops/Thompson",2016,"T",119694
74,"Gold Trail",2016,"T",11166
75,"Mission",2016,"T",45081
78,"Fraser - Cascade",2016,"T",18704
79,"Cowichan Valley",2016,"T",75006
81,"Fort Nelson",2016,"T",5632
82,"Coast Mountains",2016,"T",35717
83,"Okanagan - Shuswap",2016,"T",56238
84,"Vancouver Island West",2016,"T",2197
85,"Vancouver Island North",2016,"T",11501
87,"Stikine",2016,"T",2103
91,"Nechako Lakes",2016,"T",23519
92,"Nisga'a",2016,"T",1940
5,"Southeast Kootenay",2017,"T",43598
6,"Rocky Mountain",2017,"T",26991
8,"Kootenay Lake",2017,"T",43332
10,"Arrow Lakes",2017,"T",4685
19,"Revelstoke",2017,"T",8630
20,"Kootenay-Columbia",2017,"T",34645
22,"Vernon",2017,"T",70410
23,"Central Okanagan",2017,"T",208229
27,"Cariboo - Chilcotin",2017,"T",40948
28,"Quesnel",2017,"T",24231
33,"Chilliwack",2017,"T",99747
34,"Abbotsford",2017,"T",151675
35,"Langley",2017,"T",154322
36,"Surrey",2017,"T",577281
37,"Delta",2017,"T",108268
38,"Richmond",2017,"T",208499
39,"Vancouver",2017,"T",688495
40,"New Westminster",2017,"T",76285
41,"Burnaby",2017,"T",246206
42,"Maple Ridge-Pitt Meadows",2017,"T",108636
43,"Coquitlam",2017,"T",248133
44,"North Vancouver",2017,"T",148526
45,"West Vancouver",2017,"T",52274
46,"Sunshine Coast",2017,"T",31268
47,"Powell River",2017,"T",20445
48,"Sea to Sky",2017,"T",42427
49,"Central Coast",2017,"T",3484
50,"Haida Qwaii/Queen Charlotte",2017,"T",4439
51,"Boundary",2017,"T",12567
52,"Prince Rupert",2017,"T",14692
53,"Okanagan Similkameen",2017,"T",25538
54,"Bulkley Valley",2017,"T",16120
57,"Prince George",2017,"T",100213
58,"Nicola - Similkameen",2017,"T",16295
59,"Peace River South",2017,"T",28123
60,"Peace River North",2017,"T",38062
61,"Greater Victoria",2017,"T",239224
62,"Sooke",2017,"T",83674
63,"Saanich",2017,"T",67894
64,"Gulf Islands",2017,"T",15889
67,"Okanagan Skaha",2017,"T",56732
68,"Nanaimo-Ladysmith",2017,"T",128489
69,"Qualicum",2017,"T",49324
70,"Alberni",2017,"T",32579
71,"Comox Valley",2017,"T",70267
72,"Campbell River",2017,"T",45058
73,"Kamloops/Thompson",2017,"T",121735
74,"Gold Trail",2017,"T",11251
75,"Mission",2017,"T",46315
78,"Fraser - Cascade",2017,"T",18930
79,"Cowichan Valley",2017,"T",75466
81,"Fort Nelson",2017,"T",5360
82,"Coast Mountains",2017,"T",35601
83,"Okanagan - Shuswap",2017,"T",56781
84,"Vancouver Island West",2017,"T",2203
85,"Vancouver Island North",2017,"T",11512
87,"Stikine",2017,"T",2106
91,"Nechako Lakes",2017,"T",23333
92,"Nisga'a",2017,"T",1942
5,"Southeast Kootenay",2018,"T",44130
6,"Rocky Mountain",2018,"T",27427
8,"Kootenay Lake",2018,"T",43715
10,"Arrow Lakes",2018,"T",4732
19,"Revelstoke",2018,"T",8791
20,"Kootenay-Columbia",2018,"T",35115
22,"Vernon",2018,"T",71275
23,"Central Okanagan",2018,"T",213580
27,"Cariboo - Chilcotin",2018,"T",41222
28,"Quesnel",2018,"T",24398
33,"Chilliwack",2018,"T",102484
34,"Abbotsford",2018,"T",155950
35,"Langley",2018,"T",157597
36,"Surrey",2018,"T",590825
37,"Delta",2018,"T",109864
38,"Richmond",2018,"T",210808
39,"Vancouver",2018,"T",697376
40,"New Westminster",2018,"T",78290
41,"Burnaby",2018,"T",249676
42,"Maple Ridge-Pitt Meadows",2018,"T",111089
43,"Coquitlam",2018,"T",250617
44,"North Vancouver",2018,"T",150022
45,"West Vancouver",2018,"T",52440
46,"Sunshine Coast",2018,"T",31551
47,"Powell River",2018,"T",20588
48,"Sea to Sky",2018,"T",43031
49,"Central Coast",2018,"T",3523
50,"Haida Qwaii/Queen Charlotte",2018,"T",4477
51,"Boundary",2018,"T",12685
52,"Prince Rupert",2018,"T",14748
53,"Okanagan Similkameen",2018,"T",25962
54,"Bulkley Valley",2018,"T",16164
57,"Prince George",2018,"T",101951
58,"Nicola - Similkameen",2018,"T",16600
59,"Peace River South",2018,"T",28270
60,"Peace River North",2018,"T",38483
61,"Greater Victoria",2018,"T",241927
62,"Sooke",2018,"T",86244
63,"Saanich",2018,"T",68676
64,"Gulf Islands",2018,"T",16168
67,"Okanagan Skaha",2018,"T",57730
68,"Nanaimo-Ladysmith",2018,"T",130881
69,"Qualicum",2018,"T",49845
70,"Alberni",2018,"T",32978
71,"Comox Valley",2018,"T",71525
72,"Campbell River",2018,"T",45940
73,"Kamloops/Thompson",2018,"T",125037
74,"Gold Trail",2018,"T",11250
75,"Mission",2018,"T",47121
78,"Fraser - Cascade",2018,"T",19416
79,"Cowichan Valley",2018,"T",76524
81,"Fort Nelson",2018,"T",5161
82,"Coast Mountains",2018,"T",35834
83,"Okanagan - Shuswap",2018,"T",57617
84,"Vancouver Island West",2018,"T",2220
85,"Vancouver Island North",2018,"T",11615
87,"Stikine",2018,"T",2092
91,"Nechako Lakes",2018,"T",23327
92,"Nisga'a",2018,"T",1892
5,"Southeast Kootenay",2019,"T",44719
6,"Rocky Mountain",2019,"T",27923
8,"Kootenay Lake",2019,"T",44024
10,"Arrow Lakes",2019,"T",4738
19,"Revelstoke",2019,"T",9052
20,"Kootenay-Columbia",2019,"T",35399
22,"Vernon",2019,"T",72238
23,"Central Okanagan",2019,"T",218200
27,"Cariboo - Chilcotin",2019,"T",41394
28,"Quesnel",2019,"T",24446
33,"Chilliwack",2019,"T",104075
34,"Abbotsford",2019,"T",160043
35,"Langley",2019,"T",159744
36,"Surrey",2019,"T",607733
37,"Delta",2019,"T",111121
38,"Richmond",2019,"T",213679
39,"Vancouver",2019,"T",711708
40,"New Westminster",2019,"T",80292
41,"Burnaby",2019,"T",254289
42,"Maple Ridge-Pitt Meadows",2019,"T",111536
43,"Coquitlam",2019,"T",252770
44,"North Vancouver",2019,"T",151143
45,"West Vancouver",2019,"T",52792
46,"Sunshine Coast",2019,"T",31681
47,"Powell River",2019,"T",20687
48,"Sea to Sky",2019,"T",43185
49,"Central Coast",2019,"T",3534
50,"Haida Qwaii/Queen Charlotte",2019,"T",4504
51,"Boundary",2019,"T",12706
52,"Prince Rupert",2019,"T",14767
53,"Okanagan Similkameen",2019,"T",26411
54,"Bulkley Valley",2019,"T",16267
57,"Prince George",2019,"T",103126
58,"Nicola - Similkameen",2019,"T",16817
59,"Peace River South",2019,"T",28359
60,"Peace River North",2019,"T",38761
61,"Greater Victoria",2019,"T",245704
62,"Sooke",2019,"T",88462
63,"Saanich",2019,"T",69293
64,"Gulf Islands",2019,"T",16393
67,"Okanagan Skaha",2019,"T",58153
68,"Nanaimo-Ladysmith",2019,"T",133118
69,"Qualicum",2019,"T",50373
70,"Alberni",2019,"T",33466
71,"Comox Valley",2019,"T",72686
72,"Campbell River",2019,"T",46463
73,"Kamloops/Thompson",2019,"T",126678
74,"Gold Trail",2019,"T",11206
75,"Mission",2019,"T",47664
78,"Fraser - Cascade",2019,"T",19635
79,"Cowichan Valley",2019,"T",77110
81,"Fort Nelson",2019,"T",5077
82,"Coast Mountains",2019,"T",36169
83,"Okanagan - Shuswap",2019,"T",58132
84,"Vancouver Island West",2019,"T",2264
85,"Vancouver Island North",2019,"T",11711
87,"Stikine",2019,"T",2077
91,"Nechako Lakes",2019,"T",23314
92,"Nisga'a",2019,"T",1944
5,"Southeast Kootenay",2020,"T",45029
6,"Rocky Mountain",2020,"T",28380
8,"Kootenay Lake",2020,"T",44269
10,"Arrow Lakes",2020,"T",4828
19,"Revelstoke",2020,"T",9347
20,"Kootenay-Columbia",2020,"T",35525
22,"Vernon",2020,"T",73273
23,"Central Okanagan",2020,"T",222492
27,"Cariboo - Chilcotin",2020,"T",41554
28,"Quesnel",2020,"T",24486
33,"Chilliwack",2020,"T",105862
34,"Abbotsford",2020,"T",161912
35,"Langley",2020,"T",161725
36,"Surrey",2020,"T",619783
37,"Delta",2020,"T",112259
38,"Richmond",2020,"T",216045
39,"Vancouver",2020,"T",716827
40,"New Westminster",2020,"T",82590
41,"Burnaby",2020,"T",257926
42,"Maple Ridge-Pitt Meadows",2020,"T",111502
43,"Coquitlam",2020,"T",254583
44,"North Vancouver",2020,"T",151962
45,"West Vancouver",2020,"T",52489
46,"Sunshine Coast",2020,"T",31723
47,"Powell River",2020,"T",20802
48,"Sea to Sky",2020,"T",43333
49,"Central Coast",2020,"T",3551
50,"Haida Qwaii/Queen Charlotte",2020,"T",4613
51,"Boundary",2020,"T",12785
52,"Prince Rupert",2020,"T",14846
53,"Okanagan Similkameen",2020,"T",26583
54,"Bulkley Valley",2020,"T",16414
57,"Prince George",2020,"T",103990
58,"Nicola - Similkameen",2020,"T",17003
59,"Peace River South",2020,"T",28250
60,"Peace River North",2020,"T",39019
61,"Greater Victoria",2020,"T",247704
62,"Sooke",2020,"T",91492
63,"Saanich",2020,"T",70124
64,"Gulf Islands",2020,"T",16184
67,"Okanagan Skaha",2020,"T",58638
68,"Nanaimo-Ladysmith",2020,"T",134515
69,"Qualicum",2020,"T",50979
70,"Alberni",2020,"T",33885
71,"Comox Valley",2020,"T",73663
72,"Campbell River",2020,"T",46974
73,"Kamloops/Thompson",2020,"T",128074
74,"Gold Trail",2020,"T",11114
75,"Mission",2020,"T",47652
78,"Fraser - Cascade",2020,"T",19785
79,"Cowichan Valley",2020,"T",77694
81,"Fort Nelson",2020,"T",4996
82,"Coast Mountains",2020,"T",36579
83,"Okanagan - Shuswap",2020,"T",58686
84,"Vancouver Island West",2020,"T",2328
85,"Vancouver Island North",2020,"T",11777
87,"Stikine",2020,"T",2104
91,"Nechako Lakes",2020,"T",23288
92,"Nisga'a",2020,"T",1917
5,"Southeast Kootenay",2021,"T",45142
6,"Rocky Mountain",2021,"T",28373
8,"Kootenay Lake",2021,"T",44404
10,"Arrow Lakes",2021,"T",4820
19,"Revelstoke",2021,"T",9387
20,"Kootenay-Columbia",2021,"T",35566
22,"Vernon",2021,"T",73659
23,"Central Okanagan",2021,"T",224396
27,"Cariboo - Chilcotin",2021,"T",41570
28,"Quesnel",2021,"T",24442
33,"Chilliwack",2021,"T",107125
34,"Abbotsford",2021,"T",162985
35,"Langley",2021,"T",164364
36,"Surrey",2021,"T",628780
37,"Delta",2021,"T",113820
38,"Richmond",2021,"T",218520
39,"Vancouver",2021,"T",721934
40,"New Westminster",2021,"T",83883
41,"Burnaby",2021,"T",259655
42,"Maple Ridge-Pitt Meadows",2021,"T",111946
43,"Coquitlam",2021,"T",256837
44,"North Vancouver",2021,"T",152756
45,"West Vancouver",2021,"T",52581
46,"Sunshine Coast",2021,"T",31802
47,"Powell River",2021,"T",20841
48,"Sea to Sky",2021,"T",43705
49,"Central Coast",2021,"T",3573
50,"Haida Qwaii/Queen Charlotte",2021,"T",4621
51,"Boundary",2021,"T",12638
52,"Prince Rupert",2021,"T",14920
53,"Okanagan Similkameen",2021,"T",26677
54,"Bulkley Valley",2021,"T",16659
57,"Prince George",2021,"T",105045
58,"Nicola - Similkameen",2021,"T",17107
59,"Peace River South",2021,"T",28382
60,"Peace River North",2021,"T",39467
61,"Greater Victoria",2021,"T",249870
62,"Sooke",2021,"T",94967
63,"Saanich",2021,"T",70787
64,"Gulf Islands",2021,"T",16301
67,"Okanagan Skaha",2021,"T",58969
68,"Nanaimo-Ladysmith",2021,"T",135836
69,"Qualicum",2021,"T",51368
70,"Alberni",2021,"T",33862
71,"Comox Valley",2021,"T",74601
72,"Campbell River",2021,"T",47272
73,"Kamloops/Thompson",2021,"T",128677
74,"Gold Trail",2021,"T",11123
75,"Mission",2021,"T",47958
78,"Fraser - Cascade",2021,"T",19823
79,"Cowichan Valley",2021,"T",78051
81,"Fort Nelson",2021,"T",5018
82,"Coast Mountains",2021,"T",36856
83,"Okanagan - Shuswap",2021,"T",58813
84,"Vancouver Island West",2021,"T",2327
85,"Vancouver Island North",2021,"T",11799
87,"Stikine",2021,"T",2094
91,"Nechako Lakes",2021,"T",23460
92,"Nisga'a",2021,"T",1923
